{
  "conv_time_to_cost": 14,
  "costs_vehicles": [
    10,
    5,
    5,
    5,
    10,
    10,
    10,
    10,
    10,
    10,
    5
  ],
  "depot": [
    45.062786,
    7.678686
  ],
  "n_deliveries": 100,
  "n_vehicles": 8,
  "vols_vehicles": [
    50,
    10,
    10,
    10,
    50,
    50,
    50,
    50,
    50,
    50,
    10
  ]
}